﻿<?xml version="1.0" encoding="UTF-8"?>
<window id="20">
	<defaultcontrol always="true">55</defaultcontrol>
	<allowoverlay>no</allowoverlay>
	<views>55,901</views>
	<controls>
		<control type="group">
			<include>CommonHomeBack</include>
			<include>ViewsAddons</include>
			<include>BigInfosTime</include>
			<include>CommonHomeButton</include>
			<include>HomePlaying</include>
			<include>CommonPageCount</include>
		</control>
		<control type="group" id="9020">
			<animation effect="slide" start="0,0" end="480,0" time="400" tween="quadratic" easing="out" condition="ControlGroup(9020).HasFocus">Conditional</animation>
			<animation effect="slide" start="0,0" end="-570,0" time="400" tween="quadratic" easing="out" condition="ControlGroup(9020).HasFocus">WindowClose</animation>
			<control type="image">
				<left>-495</left>
				<top>0</top>
				<width>395</width>
				<height>1080</height>
				<texture background="true">skin/dialog_blank.png</texture>
				<colordiffuse>$VAR[ColorButtonDialogeBack]</colordiffuse>
				<aspectratio>stretch</aspectratio>
			</control>
			<control type="grouplist" id="9020">
				<description>My first group list control</description>
				<left>-482</left>
				<top>120</top>
				<width>400</width>
				<height>800</height>
				<itemgap>2</itemgap>
				<pagecontrol>25</pagecontrol>
				<scrolltime tween="sine" easing="out">200</scrolltime>
				<orientation>vertical</orientation>
				<usecontrolcoords>false</usecontrolcoords>
				<visible>true</visible>
				<onleft>55</onleft>
				<onright>55</onright>
				<onup>9020</onup>
				<ondown>9020</ondown>
				<!--<control type="button" id="2">
          <description>View As button</description>
          <width>375</width>
          <height>60</height>
          <label>-</label>
          <onleft>55</onleft>
          <onright>55</onright>
          <onup>611</onup>
          <ondown>3</ondown>
        </control>-->
				<control type="button" id="3">
					<description>Sort by button</description>
					<width>375</width>
					<height>50</height>
					<label>103</label>
					<onleft>55</onleft>
					<onright>4</onright>
					<onup>2</onup>
					<ondown>610</ondown>
				</control>
				<control type="togglebutton" id="4">
					<description>Sort asc</description>
					<width>375</width>
					<height>60</height>
					<label>-</label>
					<onleft>3</onleft>
					<onright>55</onright>
					<onup>2</onup>
					<ondown>610</ondown>
				</control>
			</control>
		</control>
		<include>ViewTypeList</include>
	</controls>
</window>