<?xml version="1.0" encoding="UTF-8" standalone="yes"?>
<addon id="plugin.video.disneym" name="Disney Plus MINI" version="2.2.5" provider-name="NightRain">
	<requires>
		<import addon="xbmc.python" version="3.0.0"/>
		<import addon="script.module.inputstreamhelper" version="0.5.0+matrix.1"/>
		<import addon="script.module.requests" version="2.22.0"/>
	</requires>
	<extension point="xbmc.python.pluginsource" library="disneyMain.py">
    	<provides>video</provides>
	</extension>
	<extension point="xbmc.service" library="disneyService.py"/>
	<extension point="xbmc.addon.metadata">
		<summary lang="en">Disney Plus for KODI</summary>
		<summary lang="kr">Disney Plus for KODI</summary>
		<description lang="en">Disney Plus for KODI</description>
		<description lang="kr">Disney Plus for KODI</description>
		<language></language>
		<platform>all</platform>
		<assets>
			<icon>icon.jpg</icon>
		</assets>
	</extension>
</addon>
