<control type="group">
    <animation
        effect="slide"
        start="-700,0"
        end="0,0"
        time="300"
        tween="cubic"
        easing="inout">VisibleHidden</animation>
    <visible>String.IsEqual(Window(Home).Property(ShowCastContent),true)</visible>
    <width>700</width>
    <left>0</left>
    <height>100%</height>
    <control type="image">

        <width>500</width>
        <height>150</height>
        <texture background="true">skin/button_klein_tranz50.png</texture>
        <aspectratio>stretch</aspectratio>
        <colordiffuse>$VAR[ColorButtonDialogeBack]</colordiffuse>

    </control>
    <control type="image">
        <description>your cast actor image</description>
        <texture background="true">$INFO[Window(home).Property(CastMemberTumb)]</texture>
        <width>100</width>
        <height>100</height>
    </control>

    <control type="panel" id="9000">
        <description>this is your panel container for the actor items , but maybe you
            like to create 2-3 of them to differenciate between movie,show,episode - watch
            content tag</description>
        <top>500</top>
        <left>500</left>

        <width>680</width>
        <onup>ClearProperty(ShowCastContent,Home)</onup>
        <ondown>ClearProperty(ShowCastContent,Home)</ondown>
        <onback>ClearProperty(ShowCastContent,Home)</onback>

        <onback>SetFocus(*wished id which should be focused*)</onback>

        <onclick>RunScript(script.embuary.info,call=person,query=$INFO[Container(904).ListItem.label])</onclick>

        <itemlayout height="225" width="180">

            <control type="image">

                <width>500</width>
                <height>150</height>
                <texture background="true">skin/button_klein_tranz50.png</texture>
                <aspectratio>stretch</aspectratio>
                <colordiffuse>$VAR[ColorButtonDialogeBack]</colordiffuse>

            </control>

            <control type="image">
                <texture
                    background="true"
                    diffuse="special://skin/media/home/roundmask.png"
                    fallback="DefaultActor.png">$INFO[ListItem.Art(thumb)]</texture>

                <width>140</width>
                <height>150</height>

            </control>
            <control type="label">
                <font>primal_13</font>
                <label>$INFO[ListItem.Label,[B],[/B][CR]]$INFO[ListItem.Label2]</label>

                <wrapmultiline>true</wrapmultiline>

                <top>160</top>
                <left>5</left>
                <width>150</width>
                <height>50</height>
                <aligny>top</aligny>
                <align>center</align>
                <textoffsetx>0</textoffsetx>
                <scroll>false</scroll>
                <scrollspeed>20</scrollspeed>

            </control>

        </itemlayout>
        <focusedlayout height="225" width="180">
            <control type="button">
                <description>hidden button to fetch data for usage in other ctrls or windows...
                </description>
                <visible allowhiddenfocus="true">false</visible>
                <onfocus>SetProperty(CastMemberLabel,$INFO[ListItem.Label],home)</onfocus>
                <onfocus>SetProperty(CastMemberTumb,$INFO[ListItem.Thumb],home)</onfocus>
            </control>
            <control type="image">
                <left>-10</left>
                <top>-12</top>
                <width>160</width>
                <height>170</height>
                <texture background="true">skin/button_klein.png</texture>
                <bordertexture border="10">ThumbShadow.png</bordertexture>
                <bordersize>6</bordersize>
                <colordiffuse>$VAR[BackColorButton]</colordiffuse>

            </control>
            <control type="image">
                <texture
                    background="true"
                    diffuse="special://skin/media/home/roundmask.png"
                    fallback="DefaultActor.png">$INFO[ListItem.Art(thumb)]</texture>
                <width>140</width>
                <height>150</height>

            </control>

            <control type="label">
                <font>primal_13</font>
                <label>$INFO[ListItem.Label,[B],[/B][CR]]$INFO[ListItem.Label2]</label>
                <label>$INFO[ListItem.Label]</label>
                <wrapmultiline>true</wrapmultiline>

                <top>160</top>
                <left>5</left>
                <width>150</width>
                <height>50</height>
                <aligny>top</aligny>
                <align>center</align>
                <textoffsetx>0</textoffsetx>
                <scroll>false</scroll>
                <scrollspeed>20</scrollspeed>

            </control>

        </focusedlayout>
        <content target="videos">videodb://movies/titles/?xsp=%7B%22order%22%3A%7B%22direction%22%3A%22ascending%22%2C%22ignorefolders%22%3A0%2C%22method%22%3A%22year%22%7D%2C%22rules%22%3A%7B%22and%22%3A%5B%7B%22field%22%3A%22director%22%2C%22operator%22%3A%22contains%22%2C%22value%22%3A%5B%22$INFO[Container(904).ListItem.Label]%22%5D%7D%5D%7D%2C%22type%22%3A%22movies%22%7D</content>
        <content target="videos">videodb://tvshows/titles/?xsp=%7B%22order%22%3A%7B%22direction%22%3A%22ascending%22%2C%22ignorefolders%22%3A0%2C%22method%22%3A%22year%22%7D%2C%22rules%22%3A%7B%22and%22%3A%5B%7B%22field%22%3A%22director%22%2C%22operator%22%3A%22contains%22%2C%22value%22%3A%5B%22$INFO[Container(904).ListItem.Label]%22%5D%7D%5D%7D%2C%22type%22%3A%22tvshows%22%7D</content>
        <content target="videos">videodb://tvshows/titles/-1/-1/?xsp=%7B%22order%22%3A%7B%22direction%22%3A%22ascending%22%2C%22ignorefolders%22%3A0%2C%22method%22%3A%22sorttitle%22%7D%2C%22rules%22%3A%7B%22and%22%3A%5B%7B%22field%22%3A%22actor%22%2C%22operator%22%3A%22contains%22%2C%22value%22%3A%5B%22$INFO[Container(904).ListItem.Label]%22%5D%7D%5D%7D%2C%22type%22%3A%22episodes%22%7D</content>TxtCopy

    </control>
</control>