﻿<?xml version="1.0" encoding="UTF-8"?>
<window>
	<allowoverlay>no</allowoverlay>
	<defaultcontrol always="false">101</defaultcontrol>
	<coordinates>
		<system>1</system>
		<left>0</left>
		<top>0</top>
	</coordinates>
	<controls>
		<control type="group">
			<animation effect="slide" start="900,0" end="0,0" time="400" tween="quadratic" easing="out" condition="!Player.ShowCodec">WindowOpen</animation>
			<animation effect="slide" start="900,0" end="0,0" time="400" delay="400" tween="quadratic" easing="out" condition="Player.ShowCodec">WindowOpen</animation>
			<animation effect="slide" start="0,0" end="900,0" time="200" tween="quadratic" easing="out">WindowClose</animation>
			<control type="image">
				<description>media info background image</description>
				<left>0</left>
				<top>0</top>
				<width>1920</width>
				<height>1080</height>
				<texture>Views/view_back.png</texture>
			</control>
			<control type="label">
				<description>Artist label</description>
				<left>50r</left>
				<top>20</top>
				<width>825</width>
				<height>45</height>
				<font>primal_20_Bold</font>
				<label>$INFO[MusicPlayer.Artist]</label>
				<align>right</align>
				<aligny>center</aligny>
				<textcolor>grey</textcolor>
				<shadowcolor>black</shadowcolor>
			</control>
			<control type="label">
				<description>Song label</description>
				<left>50r</left>
				<top>50</top>
				<width>825</width>
				<height>45</height>
				<font>primal_18</font>
				<label>$INFO[MusicPlayer.Title]</label>
				<align>right</align>
				<aligny>center</aligny>
				<textcolor>grey</textcolor>
				<shadowcolor>black</shadowcolor>
			</control>
			<control type="image">
				<left>0</left>
				<top>100</top>
				<width>1920</width>
				<height>3</height>
				<texture>separator.png</texture>
			</control>
			<!-- ** Required ** Do not change <id> or <type> (Text box for lyrics) -->
			<control type="textbox" id="100">
				<description>textarea</description>
				<left>500</left>
				<top>195</top>
				<width>825</width>
				<height>500</height>
				<align>center</align>
				<font>primal_18</font>
				<textcolor>white</textcolor>
				<shadowcolor>black</shadowcolor>
				<pagecontrol>101</pagecontrol>
			</control>
			<control type="spincontrol" id="101">
				<description>Next page button</description>
				<left>130r</left>
				<top>1010</top>
				<subtype>page</subtype>
				<font>primal_20</font>
				<onleft>101</onleft>
				<onright>101</onright>
				<ondown>101</ondown>
				<onup>101</onup>
				<textcolor>blue</textcolor>
				<showonepage>true</showonepage>
				<visible>Control.IsVisible(100)</visible>
			</control>
			<!-- ** Required ** Do not change <id> or <type> (Smooth scrolling list for lyrics) -->
			<control type="list" id="110">
				<left>0</left>
				<top>135</top>
				<width>1800</width>
				<height>900</height>
				<onleft>111</onleft>
				<onright>111</onright>
				<onup>110</onup>
				<ondown>110</ondown>
				<pagecontrol>111</pagecontrol>
				<scrolltime>300</scrolltime>
				<itemlayout height="50">
					<control type="label">
						<left>955</left>
						<top>0</top>
						<width>1800</width>
						<height>38</height>
						<font>primal_20</font>
						<aligny>center</aligny>
						<align>center</align>
						<selectedcolor>selected</selectedcolor>
						<info>ListItem.Label</info>
					</control>
				</itemlayout>
				<focusedlayout height="50">
					<control type="label">
						<left>955</left>
						<top>0</top>
						<width>1800</width>
						<height>38</height>
						<font>primal_24_Bold</font>
						<aligny>center</aligny>
						<align>center</align>
						<shadowcolor>black</shadowcolor>
						<textcolor>white</textcolor>
						<selectedcolor>selected</selectedcolor>
						<label>$INFO[ListItem.Label]</label>
						<visible>!Control.HasFocus(110)</visible>
					</control>
					<control type="label">
						<left>955</left>
						<top>0</top>
						<width>1800</width>
						<height>38</height>
						<font>primal_24_Bold</font>
						<aligny>center</aligny>
						<align>center</align>
						<shadowcolor>black</shadowcolor>
						<textcolor>selected</textcolor>
						<label fallback="--">$INFO[ListItem.Label]</label>
						<visible>Control.HasFocus(110)</visible>
					</control>
				</focusedlayout>
			</control>
			<control type="spincontrol" id="111">
				<description>Next page button</description>
				<left>130r</left>
				<top>1010</top>
				<subtype>page</subtype>
				<font>primal_20</font>
				<onleft>110</onleft>
				<onright>110</onright>
				<ondown>110</ondown>
				<onup>110</onup>
				<textcolor>blue</textcolor>
				<showonepage>true</showonepage>
				<visible>Control.IsVisible(110)</visible>
			</control>
			<control type="label" id="2">
				<description>Pick label</description>
				<left>45</left>
				<top>195</top>
				<width>1800</width>
				<height>45</height>
				<align>center</align>
				<aligny>center</aligny>
				<font>primal_24</font>
				<label>31203</label>
				<textcolor>white</textcolor>
				<visible>Control.IsVisible(120) + ![Control.IsVisible(100) | Control.IsVisible(110)]</visible>
			</control>
			<!-- ** Required ** Do not change <id> or <type> (Song Chooser if it gets it wrong) -->
			<control type="list" id="120">
				<left>0</left>
				<top>155</top>
				<width>1800</width>
				<height>800</height>
				<onleft>121</onleft>
				<onright>121</onright>
				<onup>120</onup>
				<ondown>120</ondown>
				<pagecontrol>121</pagecontrol>
				<scrolltime>200</scrolltime>
				<animation effect="slide" start="0,0" end="30,0" time="0" condition="!Control.IsVisible(121)">Conditional</animation>
				<itemlayout height="50">
					<control type="label">
						<left>955</left>
						<top>0</top>
						<width>1800</width>
						<height>60</height>
						<font>primal_20</font>
						<align>center</align>
						<aligny>center</aligny>
						<selectedcolor>selected</selectedcolor>
						<info>ListItem.Label</info>
					</control>
				</itemlayout>
				<focusedlayout height="60">
					<control type="label">
						<left>955</left>
						<top>0</top>
						<width>1800</width>
						<height>60</height>
						<font>primal_24_Bold</font>
						<align>center</align>
						<aligny>center</aligny>
						<selectedcolor>selected</selectedcolor>
						<info>ListItem.Label</info>
					</control>
				</focusedlayout>
			</control>
			<control type="spincontrol" id="121">
				<description>Next page button</description>
				<left>130r</left>
				<top>1010</top>
				<subtype>page</subtype>
				<font>primal_20</font>
				<onleft>120</onleft>
				<onright>120</onright>
				<ondown>120</ondown>
				<onup>120</onup>
				<textcolor>blue</textcolor>
				<showonepage>true</showonepage>
				<visible>Control.IsVisible(120)</visible>
			</control>
			<control type="label">
				<description>Scraper label</description>
				<left>200r</left>
				<top>1020</top>
				<width>825</width>
				<height>45</height>
				<label>$LOCALIZE[31205] - $INFO[Control.GetLabel(200)]</label>
				<font>primal_20</font>
				<align>right</align>
				<aligny>center</aligny>
				<textcolor>grey2</textcolor>
				<shadowcolor>black</shadowcolor>
			</control>
			<control type="label" id="200">
				<description>Scraper label</description>
				<visible>false</visible>
			</control>
		</control>
		<!-- ** Required ** Do not change <id> or <type> -->
		<!-- ** Required ** Do not change <id> or <type> -->
	</controls>
</window>