﻿<?xml version="1.0" encoding="UTF-8"?>
<window id="122">
	<defaultcontrol>2</defaultcontrol>
	<coordinates>
		<system>1</system>
		<left>360</left>
		<top>172</top>
	</coordinates>
	<include>dialogeffect</include>
	<controls>
		<control type="group">
			<control type="image">
				<description>background image</description>
				<left>0</left>
				<top>0</top>
				<width>1200</width>
				<height>735</height>
				<texture background="true">skin/button_klein.png</texture>
				<bordertexture border="10">-</bordertexture>
				<bordersize>6</bordersize>
				<colordiffuse>$VAR[ColorButtonDialogeBack]</colordiffuse>
			</control>
			<control type="label" id="2">
				<description>header label</description>
				<left>30</left>
				<top>27</top>
				<width>1140</width>
				<height>45</height>
				<font>font13_title</font>
				<label>31048</label>
				<align>center</align>
				<aligny>center</aligny>
				<textcolor>white</textcolor>
				<shadowcolor>black</shadowcolor>
			</control>
			<control type="label" id="4">
				<description>No Settings Label</description>
				<left>30</left>
				<top>270</top>
				<width>1140</width>
				<align>center</align>
				<label>13390</label>
				<font>font13caps</font>
			</control>
			<control type="list" id="5">
				<left>60</left>
				<top>98</top>
				<width>1080</width>
				<height>592</height>
				<onleft>60</onleft>
				<onright>60</onright>
				<onup>2</onup>
				<ondown>2</ondown>
				<pagecontrol>60</pagecontrol>
				<scrolltime>200</scrolltime>
				<itemlayout height="60" width="1080">
					<control type="image">
						<left>0</left>
						<top>0</top>
						<width>1080</width>
						<height>62</height>
						<texture border="0,2,0,2">menuitemNF.png</texture>
					</control>
					<control type="label">
						<left>0</left>
						<top>0</top>
						<width>1080</width>
						<height>60</height>
						<font>font13</font>
						<textcolor>grey2</textcolor>
						<selectedcolor>selected</selectedcolor>
						<align>left</align>
						<aligny>center</aligny>
						<label>$INFO[ListItem.Label]</label>
					</control>
				</itemlayout>
				<focusedlayout height="60" width="1080">
					<control type="image">
						<left>0</left>
						<top>0</top>
						<width>1080</width>
						<height>62</height>
						<texture border="0,2,0,2">menuitemNF.png</texture>
						<visible>!Control.HasFocus(5)</visible>
						<include>VisibleFadeEffect</include>
					</control>
					<control type="image">
						<left>0</left>
						<top>0</top>
						<width>1080</width>
						<height>62</height>
						<texture border="0,2,0,2">menuitemFO.png</texture>
						<visible>Control.HasFocus(5)</visible>
						<include>VisibleFadeEffect</include>
					</control>
					<control type="label">
						<left>0</left>
						<top>0</top>
						<width>1080</width>
						<height>60</height>
						<font>font13</font>
						<textcolor>white</textcolor>
						<selectedcolor>selected</selectedcolor>
						<align>left</align>
						<aligny>center</aligny>
						<label>$INFO[ListItem.Label]</label>
					</control>
				</focusedlayout>
			</control>
			<control type="scrollbar" id="60">
				<left>1140</left>
				<top>98</top>
				<width>38</width>
				<height>585</height>
				<texturesliderbackground border="0,14,0,14">ScrollBarV.png</texturesliderbackground>
				<texturesliderbar border="0,14,0,14">ScrollBarV_bar.png</texturesliderbar>
				<texturesliderbarfocus border="0,14,0,14">ScrollBarV_bar_focus.png</texturesliderbarfocus>
				<textureslidernib>ScrollBarNib.png</textureslidernib>
				<textureslidernibfocus>ScrollBarNib.png</textureslidernibfocus>
				<onleft>2</onleft>
				<onright>2</onright>
				<ondown>60</ondown>
				<onup>60</onup>
				<showonepage>false</showonepage>
				<orientation>vertical</orientation>
			</control>
		</control>
	</controls>
</window>