<?xml version="1.0" encoding="UTF-8" standalone="yes"?>
<addon id="plugin.video.spotvm" name="SPOTV NOW MINI" version="2.0.0" provider-name="NightRain">
	<requires>
		<import addon="xbmc.python" version="3.0.0"/>
		<import addon="script.module.inputstreamhelper" version="0.4.4"/>
		<import addon="script.module.requests" version="2.22.0"/>
	</requires>
	<extension point="xbmc.python.pluginsource" library="spotvMain.py">
    	<provides>video</provides>
	</extension>
	<extension point="xbmc.addon.metadata">
		<summary lang="en_GB">SpotvNow for KODI</summary>
		<summary lang="ko_KR">SpotvNow for KODI</summary>
		<description lang="en_GB">SpotvNow Live Channel service</description>
		<description lang="ko_KR">SpotvNow Live Channel service</description>
		<language></language>
		<platform>all</platform>
		<assets>
			<icon>icon.png</icon>
		</assets>
	</extension>
</addon>
