<?xml version="1.0" encoding="UTF-8" standalone="yes"?>
<addon id="script.thumbcache.cleanerm" name="Thumbnails cache cleaner MINI" version="1.0.4" provider-name="NightRain">
	<requires>
		<import addon="xbmc.python" version="3.0.0"/>
	</requires>
	<extension point="xbmc.python.pluginsource" library="cleanerMain.py">
    	<provides>executable</provides>
	</extension>
	<extension point="xbmc.service" library="cleanerService.py"/>
	<extension point="xbmc.addon.metadata">
		<summary lang="en_GB">Thumbnails cache cleaner for KODI</summary>
		<summary lang="ko_KR">Thumbnails cache cleaner for KODI</summary>
		<description lang="en_GB">Thumbnails cache cleaner</description>
		<description lang="ko_KR">Thumbnails cache cleaner</description>
		<language></language>
		<platform>all</platform>
		<assets>
			<icon>icon.png</icon>
		</assets>
	</extension>
</addon>
