<?xml version="1.0" encoding="UTF-8" standalone="yes"?>
<addon id="plugin.video.wavvem" name="WAVVE MINI" version="2.5.0" provider-name="NightRain">
	<requires>
		<import addon="xbmc.python" version="3.0.0"/>
		<import addon="script.module.inputstreamhelper" version="0.5.0+matrix.1"/>
		<import addon="script.module.requests" version="2.22.0"/>
	</requires>
	<extension point="xbmc.python.pluginsource" library="wavveMain.py">
    	<provides>video</provides>
	</extension>
	<extension point="xbmc.service" library="wavveService.py"/>
	<extension point="xbmc.addon.metadata">
		<summary lang="en_GB">WAVVE for KODI</summary>
		<summary lang="ko_KR">WAVVE for KODI</summary>
		<description lang="en_GB">WAVVE Live and Vod service</description>
		<description lang="ko_KR">WAVVE Live and Vod service</description>
		<language></language>
		<platform>all</platform>
		<assets>
			<icon>icon.png</icon>
		</assets>
	</extension>
</addon>
