<?xml version="1.0" encoding="UTF-8" standalone="yes"?>
<addon id="plugin.video.tvingm" name="TVING MINI" version="2.3.5" provider-name="NightRain">
	<requires>
		<import addon="xbmc.python" version="3.0.0"/>
		<import addon="script.module.inputstreamhelper" version="0.4.4"/>
		<import addon="script.module.requests" version="2.22.0"/>
	</requires>
	<extension point="xbmc.python.pluginsource" library="tvingMain.py">
    	<provides>video</provides>
	</extension>
	<extension point="xbmc.addon.metadata">
		<summary lang="en_GB">TVING for KODI</summary>
		<summary lang="ko_KR">TVING for KODI</summary>
		<description lang="en_GB">TVING Live and Vod service</description>
		<description lang="ko_KR">TVING Live and Vod service</description>
		<language></language>
		<platform>all</platform>
		<assets>
			<icon>icon.png</icon>
		</assets>
	</extension>
</addon>
