<?xml version="1.0" encoding="UTF-8"?>
<window>
	<defaultcontrol always="true">300</defaultcontrol>
	<coordinates>
		<system>2</system>
		<left>0</left>
		<top>310</top>
	</coordinates>
	<controls>
		<control type="group">
			<!-- <include>VisibleFadeEffect</include> -->
			<visible>!Window.IsVisible(numericinput)</visible>
			<control type="image">
				<left>0</left>
				<top>65</top>
				<width>1920</width>
				<height>697</height>
				<texture background="true">skin/button_klein.png</texture>
				<bordertexture border="10">ThumbShadow.png</bordertexture>
				<bordersize>7</bordersize>
				<colordiffuse>$VAR[ColorButtonDialogeBack]</colordiffuse>
			</control>
			<!--<control type="label" id="311">
				<description>header label</description>
				<left>200</left>
				<top>20</top>
				<width>820</width>
				<height>30</height>
				<font>primal_20_title</font>
				<align>center</align>
				<aligny>center</aligny>
				<textcolor>selected</textcolor>
				<shadowcolor>black</shadowcolor>
			</control>-->
			<control type="button" id="400">
				<description>Close Window button</description>
				<left>1750</left>
				<top>75</top>
				<width>50</width>
				<height>50</height>
				<!-- <label>-</label>
				<font>-</font> -->
				<onclick>PreviousMenu</onclick>
				<texturefocus>special://skin/backgrounds/icon/km_close_sel.png</texturefocus>
				<texturenofocus>special://skin/backgrounds/icon/km_close.png</texturenofocus>
				<onleft>3</onleft>
				<onright>3</onright>
				<onup>3</onup>
				<ondown>3</ondown>
			</control>
			<control type="edit" id="312">
				<description>Edit Text</description>
				<!-- <left>30</left> -->
				<top>75</top>
				<width>1000</width>
				<height>50</height>
				<label>$LOCALIZE[16017]</label>
				<textcolor>white</textcolor>
				<font>primal_20</font>
				<align>center</align>
				<aligny>center</aligny>
			</control>
			<control type="group">
				<left>100</left>
				<top>130</top>
				
				<!-- 1st row -->
				<control type="grouplist">
					<top>0</top>
					<itemgap>5</itemgap>
					<orientation>horizontal</orientation>
					<control type="button" id="309">
						<description>Layout button</description>
						<width>400</width>
						<height>125</height>
						<label>20177</label>
						<onup>300</onup>
						<ondown>302</ondown>
						<align>center</align>
						<aligny>center</aligny>
						<font>primal_24_Bold</font>
						<focusedcolor>$VAR[ColorFontSelected]</focusedcolor>
					</control>
					<control type="button" id="100">
						<description>(0,0) key button</description>
						<onup>32</onup>
						<ondown>120</ondown>
						<include>KeyboardButton</include>
					</control>
					<control type="button" id="101">
						<description>(0,1) key button</description>
						<onup>32</onup>
						<ondown>121</ondown>
						<include>KeyboardButton</include>
					</control>
					<control type="button" id="102">
						<description>(0,2) key button</description>
						<onup>32</onup>
						<ondown>122</ondown>
						<include>KeyboardButton</include>
					</control>
					<control type="button" id="103">
						<description>(0,3) key button</description>
						<onup>32</onup>
						<ondown>123</ondown>
						<include>KeyboardButton</include>
					</control>
					<control type="button" id="104">
						<description>(0,4) key button</description>
						<onup>8</onup>
						<ondown>124</ondown>
						<include>KeyboardButton</include>
					</control>
					<control type="button" id="105">
						<description>(0,5) key button</description>
						<onup>8</onup>
						<ondown>125</ondown>
						<include>KeyboardButton</include>
					</control>
					<control type="button" id="106">
						<description>(0,6) key button</description>
						<onup>8</onup>
						<ondown>126</ondown>
						<include>KeyboardButton</include>
					</control>
					<control type="button" id="107">
						<description>(0,7) key button</description>
						<onup>8</onup>
						<ondown>127</ondown>
						<include>KeyboardButton</include>
					</control>
					<control type="button" id="108">
						<description>(0,8) key button</description>
						<onup>305</onup>
						<ondown>128</ondown>
						<include>KeyboardButton</include>
					</control>
					<control type="button" id="109">
						<description>(0,9) key button</description>
						<onup>305</onup>
						<ondown>129</ondown>
						<include>KeyboardButton</include>
					</control>
					<control type="button" id="110">
						<description>(0,10) key button</description>
						<onup>306</onup>
						<ondown>130</ondown>
						<include>KeyboardButton</include>
					</control>
					<control type="button" id="111">
						<description>(0,11) key button</description>
						<onup>306</onup>
						<ondown>131</ondown>
						<texturenofocus flipx="true" border="5,25,25,5">KeyboardCornerTopNF.png</texturenofocus>
						<texturefocus flipx="true" border="5,25,25,5">KeyboardCornerTop.png</texturefocus>
						<include>KeyboardButton</include>
					</control>
				</control>
				<!-- 2nd row -->
				<control type="grouplist">
					<orientation>horizontal</orientation>
					<top>130</top>
					<itemgap>5</itemgap>
					<control type="radiobutton" id="302">
						<description>SHIFT button</description>
						<width>400</width>
						<height>125</height>
						<label>20178</label>
						<onup>309</onup>
						<ondown>303</ondown>
						<radioposy>5</radioposy>
						<radiowidth>70</radiowidth>
						<radioheight>30</radioheight>
						<align>center</align>
						<aligny>center</aligny>
						<font>primal_24_Bold</font>
						<focusedcolor>$VAR[ColorFontSelected]</focusedcolor>
					</control>
					<control type="button" id="120">
						<description>(1,0) key button</description>
						<onup>100</onup>
						<ondown>140</ondown>
						<include>KeyboardButton</include>
					</control>
					<control type="button" id="121">
						<description>(1,1) key button</description>
						<onup>101</onup>
						<ondown>141</ondown>
						<include>KeyboardButton</include>
					</control>
					<control type="button" id="122">
						<description>(1,2) key button</description>
						<onup>102</onup>
						<ondown>142</ondown>
						<include>KeyboardButton</include>
					</control>
					<control type="button" id="123">
						<description>(1,3) key button</description>
						<onup>103</onup>
						<ondown>143</ondown>
						<include>KeyboardButton</include>
					</control>
					<control type="button" id="124">
						<description>(1,4) key button</description>
						<onup>104</onup>
						<ondown>144</ondown>
						<include>KeyboardButton</include>
					</control>
					<control type="button" id="125">
						<description>(1,5) key button</description>
						<onup>105</onup>
						<ondown>145</ondown>
						<include>KeyboardButton</include>
					</control>
					<control type="button" id="126">
						<description>(1,6) key button</description>
						<onup>106</onup>
						<ondown>146</ondown>
						<include>KeyboardButton</include>
					</control>
					<control type="button" id="127">
						<description>(1,7) key button</description>
						<onup>107</onup>
						<ondown>147</ondown>
						<include>KeyboardButton</include>
					</control>
					<control type="button" id="128">
						<description>(1,8) key button</description>
						<onup>108</onup>
						<ondown>148</ondown>
						<include>KeyboardButton</include>
					</control>
					<control type="button" id="129">
						<description>(1,9) key button</description>
						<onup>109</onup>
						<ondown>149</ondown>
						<include>KeyboardButton</include>
					</control>
					<control type="button" id="130">
						<description>(1,10) key button</description>
						<onup>110</onup>
						<ondown>150</ondown>
						<include>KeyboardButton</include>
					</control>
					<control type="button" id="131">
						<description>(1,11) key button</description>
						<onup>111</onup>
						<ondown>151</ondown>
						<include>KeyboardButton</include>
					</control>
				</control>
				<!-- 3rd row -->
				<control type="grouplist">
					<top>260</top>
					<orientation>horizontal</orientation>
					<itemgap>5</itemgap>
					<control type="radiobutton" id="303">
						<description>CAPS LOCK button</description>
						<width>400</width>
						<height>125</height>
						<label>20179</label>
						<onup>302</onup>
						<ondown>307</ondown>
						<radioposy>5</radioposy>
						<radiowidth>70</radiowidth>
						<radioheight>30</radioheight>
						<align>center</align>
						<aligny>center</aligny>
						<font>primal_24_Bold</font>
						<focusedcolor>$VAR[ColorFontSelected]</focusedcolor>
					</control>
					<control type="button" id="140">
						<description>(2,0) key button</description>
						<onup>120</onup>
						<ondown>160</ondown>
						<include>KeyboardButton</include>
					</control>
					<control type="button" id="141">
						<description>(2,1) key button</description>
						<onup>121</onup>
						<ondown>161</ondown>
						<include>KeyboardButton</include>
					</control>
					<control type="button" id="142">
						<description>(2,2) key button</description>
						<onup>122</onup>
						<ondown>162</ondown>
						<include>KeyboardButton</include>
					</control>
					<control type="button" id="143">
						<description>(2,3) key button</description>
						<onup>123</onup>
						<ondown>163</ondown>
						<include>KeyboardButton</include>
					</control>
					<control type="button" id="144">
						<description>(2,4) key button</description>
						<onup>124</onup>
						<ondown>164</ondown>
						<include>KeyboardButton</include>
					</control>
					<control type="button" id="145">
						<description>(2,5) key button</description>
						<onup>125</onup>
						<ondown>165</ondown>
						<include>KeyboardButton</include>
					</control>
					<control type="button" id="146">
						<description>(2,6) key button</description>
						<onup>126</onup>
						<ondown>166</ondown>
						<include>KeyboardButton</include>
					</control>
					<control type="button" id="147">
						<description>(2,7) key button</description>
						<onup>127</onup>
						<ondown>167</ondown>
						<include>KeyboardButton</include>
					</control>
					<control type="button" id="148">
						<description>(2,8) key button</description>
						<onup>128</onup>
						<ondown>168</ondown>
						<include>KeyboardButton</include>
					</control>
					<control type="button" id="149">
						<description>(2,9) key button</description>
						<onup>129</onup>
						<ondown>169</ondown>
						<include>KeyboardButton</include>
					</control>
					<control type="button" id="150">
						<description>(2,10) key button</description>
						<onup>130</onup>
						<ondown>170</ondown>
						<include>KeyboardButton</include>
					</control>
					<control type="button" id="151">
						<description>(2,11) key button</description>
						<onup>131</onup>
						<ondown>171</ondown>
						<include>KeyboardButton</include>
					</control>
				</control>
				<!-- 4th row -->
				<control type="grouplist">
					<top>390</top>
					<itemgap>5</itemgap>
					<orientation>horizontal</orientation>
					<control type="button" id="307">
						<description>IP Input button</description>
						<width>195</width>
						<height>125</height>
						<onup>303</onup>
						<ondown>300</ondown>
						<label>IP Addr.</label>
						<align>center</align>
						<aligny>center</aligny>
						<font>primal_24_Bold</font>
						<focusedcolor>$VAR[ColorFontSelected]</focusedcolor>
					</control>
					<control type="radiobutton" id="304">
						<description>Symbols button</description>
						<width>200</width>
						<height>125</height>
						<label>@#!*   </label>
						<onup>303</onup>
						<ondown>300</ondown>
						<radioposy>5</radioposy>
						<radiowidth>70</radiowidth>
						<radioheight>30</radioheight>
						<align>center</align>
						<aligny>center</aligny>
						<font>primal_24_Bold</font>
						<focusedcolor>$VAR[ColorFontSelected]</focusedcolor>
					</control>
					<control type="button" id="160">
						<description>(3,0) key button</description>
						<onup>140</onup>
						<ondown>32</ondown>
						<include>KeyboardButton</include>
					</control>
					<control type="button" id="161">
						<description>(3,1) key button</description>
						<onup>141</onup>
						<ondown>32</ondown>
						<include>KeyboardButton</include>
					</control>
					<control type="button" id="162">
						<description>(3,2) key button</description>
						<onup>142</onup>
						<ondown>32</ondown>
						<include>KeyboardButton</include>
					</control>
					<control type="button" id="163">
						<description>(3,3) key button</description>
						<onup>143</onup>
						<ondown>32</ondown>
						<include>KeyboardButton</include>
					</control>
					<control type="button" id="164">
						<description>(3,4) key button</description>
						<onup>144</onup>
						<ondown>8</ondown>
						<include>KeyboardButton</include>
					</control>
					<control type="button" id="165">
						<description>(3,5) key button</description>
						<onup>145</onup>
						<ondown>8</ondown>
						<include>KeyboardButton</include>
					</control>
					<control type="button" id="166">
						<description>(3,6) key button</description>
						<onup>146</onup>
						<ondown>8</ondown>
						<include>KeyboardButton</include>
					</control>
					<control type="button" id="167">
						<description>(3,7) key button</description>
						<onup>147</onup>
						<ondown>8</ondown>
						<include>KeyboardButton</include>
					</control>
					<control type="button" id="168">
						<description>(3,8) key button</description>
						<onup>148</onup>
						<ondown>305</ondown>
						<include>KeyboardButton</include>
					</control>
					<control type="button" id="169">
						<description>(3,9) key button</description>
						<onup>149</onup>
						<ondown>305</ondown>
						<include>KeyboardButton</include>
					</control>
					<control type="button" id="170">
						<description>(3,10) key button</description>
						<onup>150</onup>
						<ondown>306</ondown>
						<include>KeyboardButton</include>
					</control>
					<control type="button" id="171">
						<description>(3,11) key button</description>
						<onup>151</onup>
						<ondown>306</ondown>
						<include>KeyboardButton</include>
					</control>
				</control>
				<!-- 5th row -->
				<control type="grouplist">
					<top>520</top>
					<itemgap>5</itemgap>
					<orientation>horizontal</orientation>
					<control type="button" id="300">
						<description>DONE button</description>
						<width>400</width>
						<height>100</height>
						<label>20177</label>
						<font>primal_24_Bold</font>
						<align>center</align>
						<aligny>center</aligny>
						<onup>304</onup>
						<ondown>309</ondown>
						<focusedcolor>$VAR[ColorFontSelected]</focusedcolor>
					</control>
					<control type="button" id="32">
						<description>SPACE button</description>
						<width>627</width>
						<height>100</height>
						<label>20182</label>
						<align>center</align>
						<aligny>center</aligny>
						<font>primal_24_Bold</font>
						<focusedcolor>$VAR[ColorFontSelected]</focusedcolor>
						<onup>161</onup>
						<ondown>101</ondown>
					</control>
					<control type="button" id="8">
						<description>BACKSPACE button</description>
						<width>253</width>
						<height>100</height>
						<label>20181</label>
						<onup>165</onup>
						<ondown>105</ondown>
						<align>center</align>
						<aligny>center</aligny>
						<font>primal_24_Bold</font>
						<focusedcolor>$VAR[ColorFontSelected]</focusedcolor>
					</control>
					<control type="button" id="305">
						<description>previous button</description>
						<width>200</width>
						<height>100</height>
						<label>&lt;</label>
						<align>center</align>
						<aligny>center</aligny>
						<font>primal_24_Bold</font>
						<focusedcolor>$VAR[ColorFontSelected]</focusedcolor>
						<onup>167</onup>
						<ondown>305</ondown>
					</control>
					<control type="button" id="306">
						<description>next button</description>
						<width>200</width>
						<height>100</height>
						<label>&gt;</label>
						<align>center</align>
						<aligny>center</aligny>
						<font>primal_24_Bold</font>
						<focusedcolor>$VAR[ColorFontSelected]</focusedcolor>
						<onup>169</onup>
						<ondown>306</ondown>
					</control>
				</control>
			</control>
		</control>
	</controls>
</window>