﻿<?xml version="1.0" encoding="UTF-8"?>
<window id="109">
	<defaultcontrol always="true">21</defaultcontrol>
	<include>dialogeffect</include>
	<coordinates>
		<system>2</system>
		<left>720</left>
		<top>218</top>
	</coordinates>
	<controls>
		<control type="image">
			<description>background image</description>
			<left>-720</left>
			<top>-218</top>
			<width>1920</width>
			<height>1080</height>
			<texture background="true">background.png</texture>
		</control>
		<control type="image">
			<left>20</left>
			<top>0</top>
			<width>450</width>
			<height>645</height>
			<texture background="true">skin/button_klein.png</texture>
			<bordertexture border="10">ThumbShadow.png</bordertexture>
			<bordersize>7</bordersize>
			<colordiffuse>$VAR[ColorButtonDialogeBack]</colordiffuse>
		</control>
		<control type="button">
			<description>Close Window button</description>
			<left>440</left>
			<top>-15</top>
			<width>48</width>
			<height>48</height>
			<!-- <label>-</label>
			<font>-</font> -->
			<onclick>PreviousMenu</onclick>
			<texturefocus>special://skin/backgrounds/icon/km_close_sel.png</texturefocus>
			<texturenofocus>special://skin/backgrounds/icon/km_close.png</texturenofocus>
			<onleft>2</onleft>
			<onright>2</onright>
			<onup>2</onup>
			<ondown>2</ondown>
			<visible>!Skin.HasSetting(tablet_modus)</visible>
		</control>
		<control type="image">
			<left>45</left>
			<top>105</top>
			<width>390</width>
			<height>75</height>
			<aspectratio>stretch</aspectratio>
			<texture border="20">KeyboardEditArea.png</texture>
		</control>
		<control type="label" id="4">
			<description>Edit Text</description>
			<left>52</left>
			<top>105</top>
			<width>375</width>
			<height>75</height>
			<font>primal_18</font>
			<textcolor>$VAR[ColorFontNormal]</textcolor>
			<shadowcolor>$VAR[ColorFontShadow]</shadowcolor>
			<disabledcolor>$VAR[ColorFontSelected]</disabledcolor>
			<align>center</align>
			<aligny>center</aligny>
		</control>
		<control type="label" id="1">
			<description>dialog Heading</description>
			<left>30</left>
			<top>30</top>
			<width>420</width>
			<height>60</height>
			<font>primal_18</font>
			<textcolor>$VAR[ColorFontNormal]</textcolor>
			<shadowcolor>$VAR[ColorFontShadow]</shadowcolor>
			<disabledcolor>$VAR[ColorFontSelected]</disabledcolor>
			<align>center</align>
			<aligny>center</aligny>
			<wrapmultiline>true</wrapmultiline>
		</control>
		<control type="group">
			<left>55</left>
			<top>225</top>
			<control type="button" id="11">
				<description>1 button</description>
				<left>0</left>
				<top>0</top>
				<width>90</width>
				<height>90</height>
				<align>center</align>
				<aligny>center</aligny>
				<include>SmallKey</include>
				<label>12311</label>
				<onleft>23</onleft>
				<onright>12</onright>
				<onup>20</onup>
				<ondown>14</ondown>
			</control>
			<control type="button" id="12">
				<description>2 button</description>
				<left>95</left>
				<top>0</top>
				<width>90</width>
				<height>90</height>
				<align>center</align>
				<aligny>center</aligny>
				<include>SmallKey</include>
				<label>12312</label>
				<onleft>11</onleft>
				<onright>13</onright>
				<onup>10</onup>
				<ondown>15</ondown>
			</control>
			<control type="button" id="13">
				<description>3 button</description>
				<left>190</left>
				<top>0</top>
				<width>90</width>
				<height>90</height>
				<align>center</align>
				<aligny>center</aligny>
				<include>SmallKey</include>
				<label>12313</label>
				<onleft>12</onleft>
				<onright>23</onright>
				<onup>22</onup>
				<ondown>16</ondown>
			</control>
			<control type="button" id="23">
				<description>Backspace button</description>
				<left>285</left>
				<top>0</top>
				<width>90</width>
				<height>185</height>
				<align>center</align>
				<aligny>center</aligny>
				<include>SmallKey</include>
				<textwidth>180</textwidth>
				<label>20181</label>
				<angle>270</angle>
				<onleft>13</onleft>
				<onright>11</onright>
				<onup>21</onup>
				<ondown>21</ondown>
			</control>
			<control type="button" id="14">
				<description>4 button</description>
				<left>0</left>
				<top>95</top>
				<width>90</width>
				<height>90</height>
				<align>center</align>
				<aligny>center</aligny>
				<include>SmallKey</include>
				<label>12314</label>
				<onleft>23</onleft>
				<onright>15</onright>
				<onup>11</onup>
				<ondown>17</ondown>
			</control>
			<control type="button" id="15">
				<description>5 button</description>
				<left>95</left>
				<top>95</top>
				<width>90</width>
				<height>90</height>
				<align>center</align>
				<aligny>center</aligny>
				<include>SmallKey</include>
				<label>12315</label>
				<onleft>14</onleft>
				<onright>16</onright>
				<onup>12</onup>
				<ondown>18</ondown>
			</control>
			<control type="button" id="16">
				<description>6 button</description>
				<left>190</left>
				<top>95</top>
				<width>90</width>
				<height>90</height>
				<align>center</align>
				<aligny>center</aligny>
				<include>SmallKey</include>
				<label>12316</label>
				<onleft>15</onleft>
				<onright>23</onright>
				<onup>13</onup>
				<ondown>19</ondown>
			</control>
			<control type="button" id="17">
				<description>7 button</description>
				<left>0</left>
				<top>190</top>
				<width>90</width>
				<height>90</height>
				<align>center</align>
				<aligny>center</aligny>
				<include>SmallKey</include>
				<label>12317</label>
				<onleft>21</onleft>
				<onright>18</onright>
				<onup>14</onup>
				<ondown>20</ondown>
			</control>
			<control type="button" id="18">
				<description>8 button</description>
				<left>95</left>
				<top>190</top>
				<width>90</width>
				<height>90</height>
				<align>center</align>
				<aligny>center</aligny>
				<include>SmallKey</include>
				<label>12318</label>
				<onleft>17</onleft>
				<onright>19</onright>
				<onup>15</onup>
				<ondown>10</ondown>
			</control>
			<control type="button" id="19">
				<description>9 button</description>
				<left>190</left>
				<top>190</top>
				<width>90</width>
				<height>90</height>
				<align>center</align>
				<aligny>center</aligny>
				<include>SmallKey</include>
				<label>12319</label>
				<onleft>18</onleft>
				<onright>21</onright>
				<onup>16</onup>
				<ondown>22</ondown>
			</control>
			<control type="button" id="21">
				<description>Done button</description>
				<left>285</left>
				<top>190</top>
				<width>90</width>
				<height>185</height>
				<align>center</align>
				<aligny>center</aligny>
				<include>SmallKey</include>
				<textwidth>180</textwidth>
				<label>20177</label>
				<angle>270</angle>
				<onleft>19</onleft>
				<onright>17</onright>
				<onup>23</onup>
				<ondown>23</ondown>
			</control>
			<control type="button" id="20">
				<description>prev button</description>
				<left>0</left>
				<top>285</top>
				<width>90</width>
				<height>90</height>
				<label>&lt;</label>
				<align>center</align>
				<aligny>center</aligny>
				<include>SmallKey</include>
				<onleft>21</onleft>
				<onright>10</onright>
				<onup>17</onup>
				<ondown>11</ondown>
			</control>
			<control type="button" id="10">
				<description>0 button</description>
				<left>95</left>
				<top>285</top>
				<width>90</width>
				<height>90</height>
				<align>center</align>
				<aligny>center</aligny>
				<include>SmallKey</include>
				<label>12310</label>
				<onleft>20</onleft>
				<onright>22</onright>
				<onup>18</onup>
				<ondown>12</ondown>
			</control>
			<control type="button" id="22">
				<description>next button</description>
				<left>190</left>
				<top>285</top>
				<width>90</width>
				<height>90</height>
				<label>&gt;</label>
				<align>center</align>
				<aligny>center</aligny>
				<include>SmallKey</include>
				<onleft>10</onleft>
				<onright>21</onright>
				<onup>19</onup>
				<ondown>13</ondown>
			</control>
		</control>
	</controls>
</window>