<?xml version="1.0" encoding="UTF-8" standalone="yes"?>
<addon id="repository.nightrain" name="Korea OTT Package for Kodi 18 (public)" version="18.0.0+public" provider-name="nightrain">
	<extension point="xbmc.addon.repository" name="NightRain Repository">
		<dir>
			<info>https://github.com/kym1088/repository_public/raw/master/nightrain_v18_public/addon_list.xml</info>
			<checksum>https://github.com/kym1088/repository_public/raw/master/nightrain_v18_public/addon_list.xml.md5</checksum>
			<datadir zip="true">https://github.com/kym1088/repository_public/raw/master/nightrain_v18_public/zip</datadir>
		</dir>
	</extension>
	<extension point="xbmc.addon.metadata">
		<summary>Korea OTT Package for Kodi 18 (public)</summary>
		<description>Korea OTT Package for Kodi 18 (public)</description>
		<platform>all</platform>
		<assets>
			<icon>icon.jpg</icon>
		</assets>
	</extension>
</addon>