﻿<?xml version="1.0" encoding="UTF-8"?>
<includes>
	<include name="HomeMyChannel">
		<!--===========================================================================================================================================-->
		<!--======================================================== WIDGETS MY CHANNEL ===============================================================-->
		<!--===========================================================================================================================================-->
		<control type="group">
			<left>0</left>
			<animation effect="slide" end="0,400" time="1000" tween="Cubic" easing="inout" condition="ControlGroup(9000).HasFocus">Conditional</animation>
			<visible>Control.Hasfocus(888809) | Control.HasFocus(888810)</visible>
			<include>Fade_Widgets</include>
			<control type="list" id="888809">
				<left>145</left>
				<top>761</top>
				<width>1780</width>
				<height>350</height>
				<onleft>9110</onleft>
				<onright>888809</onright>
				<onup>888810</onup>
				<ondown>9110</ondown>
				<viewtype>list</viewtype>
				<orientation>horizontal</orientation>
				<focusposition>0</focusposition>
				<pagecontrol>-</pagecontrol>
				<scrolltime>500</scrolltime>
				<itemlayout width="145" height="144">
					<control type="image">
						<left>0</left>
						<top>0</top>
						<width>200</width>
						<height>305</height>
						<texture background="true">$INFO[ListItem.Property(BackButton)]</texture>
						<aspectratio>stretch</aspectratio>
					</control>
					<control type="image">
						<left>40</left>
						<top>80</top>
						<width>120</width>
						<height>120</height>
						<texture background="true">$INFO[ListItem.Icon]</texture>
						<bordertexture border="10">-</bordertexture>
						<bordersize>6</bordersize>
						<aspectratio align="center" aligny="top">keep</aspectratio>
					</control>
					<control type="label">
						<description>Title label</description>
						<left>15</left>
						<top>260</top>
						<height>34</height>
						<width>130</width>
						<label>$INFO[ListItem.Label]</label>
						<align>center</align>
						<aligny>center</aligny>
						<font>primal_15</font>
						<textcolor>$VAR[ColorFontNormal]</textcolor>
						<shadowcolor>$VAR[ColorFontShadow]</shadowcolor>
					</control>
				</itemlayout>
				<focusedlayout width="145" height="144">
					<control type="group">
						<animation effect="slide" end="5.5,-30" center="auto" time="200">Focus</animation>
						<control type="image">
							<left>0</left>
							<top>0</top>
							<width>200</width>
							<height>305</height>
							<texture background="true">$INFO[ListItem.Property(BackButton)]</texture>
							<aspectratio>stretch</aspectratio>
						</control>
						<control type="image">
							<left>40</left>
							<top>80</top>
							<width>120</width>
							<height>120</height>
							<texture background="true">$INFO[ListItem.Icon]</texture>
							<bordertexture border="10">-</bordertexture>
							<bordersize>6</bordersize>
							<aspectratio align="center" aligny="top">keep</aspectratio>
						</control>
						<control type="label">
							<description>Title label</description>
							<left>15</left>
							<top>260</top>
							<height>34</height>
							<width>130</width>
							<label>$INFO[ListItem.Label]</label>
							<align>center</align>
							<aligny>center</aligny>
							<font>primal_15</font>
							<textcolor>$VAR[ColorFontNormal]</textcolor>
							<shadowcolor>$VAR[ColorFontShadow]</shadowcolor>
						</control>
					</control>
				</focusedlayout>
				<content>
					<!--<item id="260094">
				  <label>$INFO[system.addontitle(Skin.String(HomeVideosButton1))]</label>
				  <label2>$INFO[system.addonversion(Skin.String(HomeVideosButton1))]</label2>
				  <onclick>RunAddon($INFO[Skin.String(HomeVideosButton1)])</onclick>
				  <icon>$INFO[system.addonicon(Skin.String(HomeVideosButton1))]</icon>
				  <property name="BackWebOS5">home/button/submenubutton.png</property>
				  <visible>!String.IsEmpty(Skin.String(HomeVideosButton1))</visible>
			  </item>-->
					<item id="260101">
						<label>50606</label>
						<onclick>ActivateWindow(4107)</onclick>
						<icon>home/homeicons/newmovies.png</icon>
						<property name="BackButton">home/menuicons/blank.png</property>
					</item>
					<item id="260103">
						<label/>
						<onclick>ActivateWindow(4116)</onclick>
						<icon/>
						<property name="BackButton">home/menuicons/fritz_avm.png</property>
						<visible>System.HasAddon(plugin.program.fritzact)</visible>
					</item>
					<item id="260104">
						<label/>
						<onclick>ActivateWindow(4117)</onclick>
						<icon/>
						<property name="BackButton">home/menuicons/newscenter.png</property>
						<visible>System.HasAddon(plugin.program.newscenter)</visible>
					</item>
					<item id="260105">
						<label/>
						<onclick>RunAddon(plugin.audio.radio_de)</onclick>
						<icon/>
						<property name="BackButton">home/menuicons/radio.png</property>
						<visible>System.HasAddon(plugin.audio.radio_de)</visible>
					</item>
					<item id="260106">
						<label/>
						<onclick>RunAddon(plugin.video.netflix)</onclick>
						<icon/>
						<property name="BackButton">home/menuicons/netflix.png</property>
						<visible>System.HasAddon(plugin.video.netflix)</visible>
					</item>
					<item id="260107">
						<label/>
						<onclick>RunAddon(plugin.audio.prime_music)</onclick>
						<icon/>
						<property name="BackButton">home/menuicons/amazon_music.png</property>
						<visible>System.HasAddon(plugin.audio.prime_music)</visible>
					</item>
					<item id="260108">
						<label/>
						<onclick>RunAddon(plugin.video.amazon-test)</onclick>
						<icon/>
						<property name="BackButton">home/menuicons/amazon_video.png</property>
						<visible>System.HasAddon(plugin.video.amazon-test)</visible>
					</item>
					<item id="260109">
						<label/>
						<onclick>RunAddon(plugin.video.maxdome)</onclick>
						<icon/>
						<property name="BackButton">home/menuicons/maxdome.png</property>
						<visible>System.HasAddon(plugin.video.maxdome)</visible>
					</item>
					<item id="2601010">
						<label/>
						<onclick>RunAddon(plugin.video.youtube)</onclick>
						<icon/>
						<property name="BackButton">home/menuicons/youtube.png</property>
						<visible>System.HasAddon(plugin.video.youtube)</visible>
					</item>
					<item id="260111">
						<label/>
						<onclick>RunAddon(plugin.video.mediathekview)</onclick>
						<icon/>
						<property name="BackButton">home/menuicons/mediathekviewweb.png</property>
						<visible>System.HasAddon(plugin.video.mediathekview)</visible>
					</item>
					<!-- KM added default icon 20200508 -->
					<item id="260120">
						<label>$INFO[Skin.String(Menu_HomeVideosButtonfavourite1.Label)]</label>
						<onclick>$INFO[Skin.String(Menu_HomeVideosButtonfavourite1.Path)]</onclick>
						<!-- <icon>home/menuicons/fav1.png</icon> -->
						<property name="BackButton">home/menuicons/fav1.png</property>
						<visible>!String.IsEmpty(Skin.String(Menu_HomeVideosButtonfavourite1.Path))</visible>
					</item>
					<item id="260121">
						<label>$INFO[Skin.String(Menu_HomeVideosButtonfavourite2.Label)]</label>
						<onclick>$INFO[Skin.String(Menu_HomeVideosButtonfavourite2.Path)]</onclick>
						<!-- <icon>home/homeicons/fsk18.png</icon> -->
						<property name="BackButton">home/menuicons/fav2.png</property>
						<visible>!String.IsEmpty(Skin.String(Menu_HomeVideosButtonfavourite2.Path))</visible>
					</item>
					<item id="260122">
						<label>$INFO[Skin.String(Menu_HomeVideosButtonfavourite3.Label)]</label>
						<onclick>$INFO[Skin.String(Menu_HomeVideosButtonfavourite3.Path)]</onclick>
						<!-- <icon>home/homeicons/actors.png</icon> -->
						<property name="BackButton">home/menuicons/fav3.png</property>
						<visible>!String.IsEmpty(Skin.String(Menu_HomeVideosButtonfavourite3.Path))</visible>
					</item>
					<item id="260123">
						<label>$INFO[Skin.String(Menu_HomeVideosButtonfavourite4.Label)]</label>
						<onclick>$INFO[Skin.String(Menu_HomeVideosButtonfavourite4.Path)]</onclick>
						<!-- <icon>home/homeicons/addons.png</icon> -->
						<property name="BackButton">home/menuicons/fav4.png</property>
						<visible>!String.IsEmpty(Skin.String(Menu_HomeVideosButtonfavourite4.Path))</visible>
					</item>
					<item id="260124">
						<label>$INFO[Skin.String(Menu_HomeVideosButtonfavourite5.Label)]</label>
						<onclick>$INFO[Skin.String(Menu_HomeVideosButtonfavourite5.Path)]</onclick>
						<!-- <icon>home/homeicons/directors.png</icon> -->
						<property name="BackButton">home/menuicons/fav5.png</property>
						<visible>!String.IsEmpty(Skin.String(Menu_HomeVideosButtonfavourite5.Path))</visible>
					</item>
					<item id="260125">
						<label>$INFO[Skin.String(Menu_HomeVideosButtonfavourite6.Label)]</label>
						<onclick>$INFO[Skin.String(Menu_HomeVideosButtonfavourite6.Path)]</onclick>
						<!-- <icon>home/homeicons/kids.png</icon> -->
						<property name="BackButton">home/menuicons/fav6.png</property>
						<visible>!String.IsEmpty(Skin.String(Menu_HomeVideosButtonfavourite6.Path))</visible>
					</item>
					<item id="260126">
						<label>$INFO[Skin.String(Menu_HomeVideosButtonfavourite7.Label)]</label>
						<onclick>$INFO[Skin.String(Menu_HomeVideosButtonfavourite7.Path)]</onclick>
						<!-- <icon>home/homeicons/news.png</icon> -->
						<property name="BackButton">home/menuicons/fav7.png</property>
						<visible>!String.IsEmpty(Skin.String(Menu_HomeVideosButtonfavourite7.Path))</visible>
					</item>
					<item id="260127">
						<label>$INFO[Skin.String(Menu_HomeVideosButtonfavourite8.Label)]</label>
						<onclick>$INFO[Skin.String(Menu_HomeVideosButtonfavourite8.Path)]</onclick>
						<!-- <icon>home/homeicons/top100.png</icon> -->
						<property name="BackButton">home/menuicons/fav8.png</property>
						<visible>!String.IsEmpty(Skin.String(Menu_HomeVideosButtonfavourite8.Path))</visible>
					</item>
					<item id="260128">
						<label>$INFO[Skin.String(Menu_HomeVideosButtonfavourite9.Label)]</label>
						<onclick>$INFO[Skin.String(Menu_HomeVideosButtonfavourite9.Path)]</onclick>
						<!-- <icon>home/homeicons/song.png</icon> -->
						<property name="BackButton">home/menuicons/fav9.png</property>
						<visible>!String.IsEmpty(Skin.String(Menu_HomeVideosButtonfavourite9.Path))</visible>
					</item>
					<item id="260129">
						<label>$INFO[Skin.String(Menu_HomeVideosButtonfavourite10.Label)]</label>
						<onclick>$INFO[Skin.String(Menu_HomeVideosButtonfavourite10.Path)]</onclick>
						<!-- <icon>home/homeicons/toprated.png</icon> -->
						<property name="BackButton">home/menuicons/fav10.png</property>
						<visible>!String.IsEmpty(Skin.String(Menu_HomeVideosButtonfavourite10.Path))</visible>
					</item>
				</content>
			</control>
		</control>
		<control type="group">
			<left>0</left>
			<visible>Control.Hasfocus(888809) | Control.HasFocus(888810)</visible>
			<include>Fade_Widgets</include>
			<control type="panel" id="888810">
				<left>355</left>
				<top>250</top>
				<width>1570</width>
				<height>500</height>
				<onleft>888810</onleft>
				<onright>888810</onright>
				<onup>1860</onup>
				<ondown>888809</ondown>
				<viewtype>list</viewtype>
				<orientation>horizontal</orientation>
				<focusposition>0</focusposition>
				<pagecontrol>-</pagecontrol>
				<itemlayout width="265" height="475">
					<control type="image">
						<left>0</left>
						<top>0</top>
						<width>260</width>
						<height>470</height>
						<texture background="true">skin/button_klein.png</texture>
						<bordertexture border="10">ThumbShadow.png</bordertexture>
						<bordersize>6</bordersize>
						<aspectratio>stretch</aspectratio>
						<colordiffuse>$VAR[ColorButtonDialogeBack]</colordiffuse>
					</control>
					<control type="image">
						<left>0</left>
						<top>0</top>
						<width>260</width>
						<height>360</height>
						<texture background="true">$INFO[ListItem.Icon]</texture>
						<bordertexture border="10">-</bordertexture>
						<bordersize>6</bordersize>
						<aspectratio align="center" aligny="top">stretch</aspectratio>
					</control>
					<control type="label">
						<description>Title label</description>
						<left>20</left>
						<top>370</top>
						<height>34</height>
						<width>220</width>
						<label>$INFO[ListItem.Label]</label>
						<align>left</align>
						<aligny>left</aligny>
						<font>primal_15_Title</font>
						<textcolor>$VAR[ColorFontNormal]</textcolor>
						<shadowcolor>$VAR[ColorFontShadow]</shadowcolor>
					</control>
				</itemlayout>
				<focusedlayout width="265" height="475">
					<control type="image">
						<left>0</left>
						<top>0</top>
						<width>260</width>
						<height>470</height>
						<texture background="true">skin/button_klein_tranz70.png</texture>
						<bordertexture border="10">ThumbShadow.png</bordertexture>
						<bordersize>6</bordersize>
						<aspectratio>stretch</aspectratio>
						<colordiffuse>$VAR[BackColorButton]</colordiffuse>
						<visible>Control.HasFocus(888810)</visible>
					</control>
					<control type="image">
						<left>0</left>
						<top>0</top>
						<width>260</width>
						<height>360</height>
						<texture background="true">$INFO[ListItem.Icon]</texture>
						<bordertexture border="10">-</bordertexture>
						<bordersize>6</bordersize>
						<aspectratio align="center" aligny="top">stretch</aspectratio>
					</control>
					<control type="label">
						<description>Title label</description>
						<left>20</left>
						<top>370</top>
						<height>34</height>
						<width>220</width>
						<label>$INFO[ListItem.Label]</label>
						<align>left</align>
						<aligny>left</aligny>
						<font>primal_15_Title</font>
						<textcolor>$VAR[ColorFontNormal]</textcolor>
						<shadowcolor>$VAR[ColorFontShadow]</shadowcolor>
					</control>
				</focusedlayout>
				<content target="video" limit="12">$VAR[HomeWidgetsMyChannel]</content>
			</control>
		</control>
	</include>
	<!--===========================================================================================================================================-->
	<!--====================================================== WIDGETS MY CHANNEL ENDE ============================================================-->
	<!--===========================================================================================================================================-->
</includes>