﻿<?xml version="1.0" encoding="UTF-8"?>
<window id="106">
	<defaultcontrol>996</defaultcontrol>
	<coordinates>
		<system>1</system>
		<left>0</left>
		<top>0</top>
	</coordinates>
	<controls>
		<control type="image" id="999">
			<description>background image</description>
			<left>25</left>
			<top>0</top>
			<width>450</width>
			<texture background="true">skin/button_klein.png</texture>
			<bordertexture border="10">ThumbShadow.png</bordertexture>
			<bordersize>7</bordersize>
			<colordiffuse>$VAR[ColorButtonDialogeBack]</colordiffuse>
		</control>
		<control type="grouplist" id="996">
			<description>grouplist for context buttons</description>
			<left>40</left>
			<top>15</top>
			<width>420</width>
			<height min="60" max="1045">auto</height>
			<itemgap>2</itemgap>
			<include>QuicklinksButton</include>
			<include>ZusatzContentMenuButtonSimpleplaylists</include>
		</control>
		<control type="button" id="1000">
			<description>button template</description>
			<left>40</left>
			<top>-</top>
			<width>420</width>
			<height>77</height>
			<font>primal_20</font>
			<align>center</align>
		</control>
	
		<control type="button">
			<description>Close Window button</description>
			<left>430</left>
			<top>-10</top>
			<width>48</width>
			<height>48</height>
			<label></label>
			<font></font>
			<onclick>Dialog.Close(106)</onclick>
			<texturefocus>special://skin/backgrounds/icon/km_close_sel.png</texturefocus>
			<texturenofocus>special://skin/backgrounds/icon/km_close.png</texturenofocus>
			<visible>!Skin.HasSetting(tablet_modus)</visible>
		</control>
		
		
		
	</controls>
</window>