<?xml version="1.0" encoding="UTF-8" standalone="yes"?>
<addon id="plugin.video.bookmarkm" name="BOOKMARK MINI (OTT Favorites helper)" version="2.0.5" provider-name="NightRain">
	<requires>
		<import addon="xbmc.python" version="3.0.0"/>
		<!-- <import addon="script.module.inputstreamhelper" version="0.4.4"/> -->
		<import addon="script.module.requests" version="2.22.0"/>
	</requires>
	<extension point="xbmc.python.pluginsource" library="bookmarkMain.py">
    	<provides>video</provides>
	</extension>
	<extension point="xbmc.addon.metadata">
		<summary lang="en_GB">Favorites helper for Bori Addon</summary>
		<summary lang="ko_KR">Favorites helper for Bori Addon</summary>
		<description lang="en_GB">Favorites helper for Bori Addon</description>
		<description lang="ko_KR">Favorites helper for Bori Addon</description>
		<language></language>
		<platform>all</platform>
		<assets>
			<icon>icon.png</icon>
		</assets>
	</extension>
</addon>
