﻿<?xml version="1.0" encoding="UTF-8"?>
<includes>
	<include name="HomeWidgetsSubmenu">
		<!--=================================== SUBMENU WIDGETS FOR PLAYLIST =====================================-->
		<control type="group">
			<left>ü</left>
			<visible>ControlGroup(9001).HasFocus | ControlGroup(9010).HasFocus | Control.HasFocus(43944)</visible>
			<include>widget_inzoom_submenu</include>
			<control type="list" id="43944">
				<left>355</left>
				<top>250</top>
				<width>1570</width>
				<height>500</height>
				<onleft>9001</onleft>
				<onright>9001</onright>
				<onup>1860</onup>
				<ondown>9001</ondown>
				<viewtype>list</viewtype>
				<orientation>horizontal</orientation>
				<focusposition>0</focusposition>
				<pagecontrol>-</pagecontrol>
				<scrolltime>500</scrolltime>
				<itemlayout width="265" height="475">
					<control type="image">
						<left>0</left>
						<top>0</top>
						<width>260</width>
						<height>470</height>
						<texture background="true">skin/button_klein.png</texture>
						<bordertexture border="10">ThumbShadow.png</bordertexture>
						<bordersize>6</bordersize>
						<aspectratio>stretch</aspectratio>
						<colordiffuse>$VAR[ColorButtonDialogeBack]</colordiffuse>
					</control>
					<!-- KM: 홈에서 서브 메뉴중에 최근체 추가 최근에 본...여기에 나오는 영화포스터 이미지 -->
					<control type="image">
						<left>0</left>
						<top>0</top>
						<width>260</width>
						<height>360</height>
						<texture background="true">$INFO[ListItem.Art(poster)]</texture>
						<bordertexture border="10">-</bordertexture>
						<bordersize>6</bordersize>
						<aspectratio align="center" aligny="top">stretch</aspectratio>
					</control>
					<control type="image">
						<left>0</left>
						<top>0</top>
						<width>260</width>
						<height>360</height>
						<texture background="true">$INFO[Player.Art(tvshow.poster)]</texture>
						<bordertexture border="10">-</bordertexture>
						<bordersize>6</bordersize>
						<visible>!IsEmpty(ListItem.Episode)</visible>
						<aspectratio align="center" aligny="top">stretch</aspectratio>
					</control>
					<!-- <control type="image">
						<left>0</left>
						<top>0</top>
						<width>260</width>
						<height>245</height>
						<texture background="true">$INFO[ListItem.Icon]</texture>
						<bordertexture border="10">ThumbShadow.png</bordertexture>
						<bordersize>6</bordersize>
						<aspectratio>stretch</aspectratio>
						<visible> </visible>
						<aspectratio align="center" aligny="top">stretch</aspectratio>
					</control> -->
					
					<control type="image">
						<left>20</left>
						<top>367</top>
						<width>20</width>
						<height>20</height>
						<texture background="true">home/homeicons/video.png</texture>
						<aspectratio>stretch</aspectratio>
						<colordiffuse>$VAR[ColorFontNormal]</colordiffuse>
					</control>
					<control type="label">
						<description>Title label</description>
						<left>50</left>
						<top>365</top>
						<height>34</height>
						<width>200</width>
						<label>$INFO[ListItem.Label]</label>
						<align>left</align>
						<aligny>left</aligny>
						<font>primal_15_Title</font>
						<!--  <textcolor>ff00ff7f</textcolor> -->
						<textcolor>$VAR[ColorFontNormal]</textcolor>
						<shadowcolor>$VAR[ColorFontShadow]</shadowcolor>
						<!-- <visible>IsEmpty(ListItem.Episode)</visible> -->
					</control>
					<!-- <control type="label">
						<description>Title label</description>
						<left>50</left>
						<top>365</top>
						<height>34</height>
						<width>210</width>
						<label>$INFO[ListItem.TVShowTitle]</label>
						<align>left</align>
						<aligny>left</aligny>
						<font>primal_15_Title</font>
						 <textcolor>ff00ff7f</textcolor>
						<textcolor>$VAR[ColorFontNormal]</textcolor>
						<shadowcolor>$VAR[ColorFontShadow]</shadowcolor>
						<visible>!IsEmpty(ListItem.Episode)</visible>				
					</control> -->
					<control type="group">
						<visible>!Skin.HasSetting(movieactor)</visible>
						<control type="image">
							<left>20</left>
							<top>397</top>
							<width>20</width>
							<height>20</height>
							<texture background="true">home/homeicons/star.png</texture>
							<aspectratio>stretch</aspectratio>
							<colordiffuse>$VAR[ColorFontNormal]</colordiffuse>
						</control>
						<control type="label">
							<left>50</left>
							<top>397</top>
							<height>34</height>
							<width>220</width>
							<label>$INFO[ListItem.RatingAndVotes]</label>
							<align>left</align>
							<aligny>left</aligny>
							<font>primal_15_Title</font>
							<!-- <textcolor>FFEBE627</textcolor> -->
							<textcolor>$VAR[ColorFontNormal]</textcolor>
							<shadowcolor>$VAR[ColorFontShadow]</shadowcolor>
						</control>
						<control type="image">
							<left>20</left>
							<top>427</top>
							<width>20</width>
							<height>20</height>
							<texture background="true">home/homeicons/timers.png</texture>
							<aspectratio>stretch</aspectratio>
							<colordiffuse>$VAR[ColorFontNormal]</colordiffuse>
						</control>
						<control type="label">
							<left>50</left>
							<top>427</top>
							<height>34</height>
							<width>220</width>
							<label>$INFO[ListItem.EndTime]</label>
							<align>left</align>
							<aligny>left</aligny>
							<font>primal_15_Title</font>
							<textcolor>$VAR[ColorFontNormal]</textcolor>
							<shadowcolor>$VAR[ColorFontShadow]</shadowcolor>
						</control>
					</control>
				</itemlayout>
				<!--  // -->
				<focusedlayout width="265" height="475">
					<control type="image">
						<left>0</left>
						<top>0</top>
						<width>260</width>
						<height>470</height>
						<texture background="true">skin/button_klein.png</texture>
						<bordertexture border="10">ThumbShadow.png</bordertexture>
						<bordersize>6</bordersize>
						<aspectratio>stretch</aspectratio>
						<colordiffuse>$VAR[ColorButtonDialogeBack]</colordiffuse>
						<visible>!Control.HasFocus(43944)</visible>
					</control>
					<control type="image">
						<left>0</left>
						<top>0</top>
						<width>260</width>
						<height>470</height>
						<texture background="true">skin/button_klein.png</texture>
						<bordertexture border="10">ThumbShadow.png</bordertexture>
						<bordersize>6</bordersize>
						<aspectratio>stretch</aspectratio>
						<colordiffuse>$VAR[BackColorButton]</colordiffuse>
						<visible>Control.HasFocus(43944)</visible>
					</control>
					<control type="image">
						<left>20</left>
						<top>367</top>
						<width>20</width>
						<height>20</height>
						<texture background="true">home/homeicons/video.png</texture>
						<aspectratio>stretch</aspectratio>
						<colordiffuse>$VAR[ColorFontNormal]</colordiffuse>
					</control>
					<control type="image">
						<left>0</left>
						<top>0</top>
						<width>260</width>
						<height>360</height>
						<texture background="true">$INFO[ListItem.Art(poster)]</texture>
						<bordertexture border="10">-</bordertexture>
						<bordersize>12</bordersize>
						<aspectratio align="center" aligny="top">stretch</aspectratio>
					</control>
					<control type="image">
						<left>0</left>
						<top>0</top>
						<width>260</width>
						<height>360</height>
						<texture background="true">$INFO[Player.Art(tvshow.poster)]</texture>
						<bordertexture border="10">-</bordertexture>
						<bordersize>12</bordersize>
						<visible>!IsEmpty(ListItem.Episode)</visible>
						<aspectratio align="center" aligny="top">stretch</aspectratio>
					</control>
					<control type="label">
						<description>Title label</description>
						<left>50</left>
						<top>365</top>
						<height>34</height>
						<width>200</width>
						<label>$INFO[ListItem.Label]</label>
						<align>left</align>
						<aligny>left</aligny>
						<font>primal_15_Title</font>
						<textcolor>ff00ff7f</textcolor>
						<textcolor>$VAR[ColorFontNormal]</textcolor>
						<shadowcolor>$VAR[ColorFontShadow]</shadowcolor>
					</control>
					<!-- <control type="label">
						<description>Title label</description>
						<left>50</left>
						<top>365</top>
						<height>34</height>
						<width>200</width>
						<label>$INFO[ListItem.TVShowTitle]</label>
						<align>left</align>
						<aligny>left</aligny>
						<font>primal_15_Title</font>
						<textcolor>ff00ff7f</textcolor>
						<textcolor>$VAR[ColorFontNormal]</textcolor>
						<shadowcolor>$VAR[ColorFontShadow]</shadowcolor>
						<visible>!IsEmpty(ListItem.Episode)</visible>
					
					</control> -->
					<control type="group">
						<visible>!Skin.HasSetting(movieactor)</visible>
						<control type="image">
							<left>20</left>
							<top>397</top>
							<width>20</width>
							<height>20</height>
							<texture background="true">home/homeicons/star.png</texture>
							<aspectratio>stretch</aspectratio>
							<colordiffuse>$VAR[ColorFontNormal]</colordiffuse>
						</control>
						<control type="label">
							<left>50</left>
							<top>397</top>
							<height>34</height>
							<width>220</width>
							<label>$INFO[ListItem.RatingAndVotes]</label>
							<align>left</align>
							<aligny>left</aligny>
							<font>primal_15_Title</font>
							<textcolor>FFEBE627</textcolor>
							<!-- <textcolor>$VAR[ColorFontNormal]</textcolor> -->
							<shadowcolor>$VAR[ColorFontShadow]</shadowcolor>
						</control>
						<control type="image">
							<left>20</left>
							<top>427</top>
							<width>20</width>
							<height>20</height>
							<texture background="true">home/homeicons/timers.png</texture>
							<aspectratio>stretch</aspectratio>
							<colordiffuse>$VAR[ColorFontNormal]</colordiffuse>
						</control>
						<control type="label">
							<left>50</left>
							<top>427</top>
							<height>34</height>
							<width>220</width>
							<label>$INFO[ListItem.EndTime]</label>
							<align>left</align>
							<aligny>left</aligny>
							<font>primal_15_Title</font>
							<textcolor>$VAR[ColorFontNormal]</textcolor>
							<shadowcolor>$VAR[ColorFontShadow]</shadowcolor>
						</control>
					</control>
				</focusedlayout>
				<content target="music">$VAR[SubmenuPlaylistWidgets]</content>
			</control>
		</control>
		<control type="group">
			<left>355</left>
			<include>widget_inzoom_submenu</include>
			<visible>!Container(9000).Hasfocus(1) + !Container(9000).Hasfocus(2)</visible>
			<control type="label">
				<left>0</left>
				<top>75</top>
				<width>1000</width>
				<height>36</height>
				<font>primal_60_Title</font>
				<label>$INFO[Container(43644).ListItem.Label]</label>
				<textcolor>$VAR[ColorFontNormal]</textcolor>
				<shadowcolor>$VAR[ColorFontShadow]</shadowcolor>
				<align>left</align>
				<aligny>center</aligny>
				<visible>Control.HasFocus(43644)</visible>
			</control>
			<!-- SUBMENU WIDGET PLAYLISTEN -->
			<!-- KM 중복 제목처리로 막음 -->
			<!-- <control type="label">
				<left>0</left>
				<top>75</top>
				<width>1000</width>
				<height>36</height>
				<font>primal_60_Title</font>
				<label>$INFO[Container(43944).ListItem.Label]</label>
				<textcolor>$VAR[ColorFontNormal]</textcolor>
				<shadowcolor>$VAR[ColorFontShadow]</shadowcolor>
				<align>left</align>
				<aligny>center</aligny>
				<visible>Control.HasFocus(43944)</visible>
			</control> -->
		</control>
	</include>
	<variable name="HomePreviewSubmenuBackground">
		<value>special://skin/backgrounds/09.jpg</value>
	</variable>
</includes>