<?xml version="1.0" encoding="UTF-8" standalone="yes"?>
<addon id="plugin.video.wavvem" name="WAVVE MINI" version="1.7.1" provider-name="NightRain">
	<requires>
		<import addon="xbmc.python" version="2.26.0"/>
    <import addon="script.module.inputstreamhelper" version="0.3.3"/>
    <import addon="script.module.requests" version="2.12.4"/>    
	</requires>
	<extension point="xbmc.python.pluginsource" library="wavveMain.py">
    	<provides>video</provides>
	</extension>
	<extension point="xbmc.addon.metadata">
		<summary lang="en">WAVVE for KODI</summary>
		<summary lang="kr">WAVVE for KODI</summary>
		<description lang="en">WAVVE Live and Vod service</description>
		<description lang="kr">WAVVE Live and Vod service</description>
		<language></language>
		<platform>all</platform>
	</extension>
</addon>
