﻿<?xml version="1.0" encoding="UTF-8"?>
<window id="129">
	<defaultcontrol always="true">9001</defaultcontrol>
	<allowoverlay>no</allowoverlay>
	<coordinates>
		<system>1</system>
		<left>278</left>
		<top>90</top>
	</coordinates>
	<controls>
		<control type="image">
			<left>-278</left>
			<top>-90</top>
			<width>1920</width>
			<height>1080</height>
			<texture background="true">background.png</texture>
		</control>
		<control type="group">
			<visible>!Window.IsActive(virtualkeyboard) + !Window.IsActive(selectdialog)</visible>
			<control type="image">
				<left>12</left>
				<top>10</top>
				<width>1336</width>
				<height>960</height>
				<texture background="true">skin/button_klein.png</texture>
				<bordertexture border="10">ThumbShadow.png</bordertexture>
				<bordersize>6</bordersize>
				<colordiffuse>$VAR[BackColorFront]</colordiffuse>
			</control>
			<control type="image">
				<left>17</left>
				<top>15</top>
				<width>1326</width>
				<height>950</height>
				<texture background="true">skin/button_klein.png</texture>
				<bordertexture border="10">-</bordertexture>
				<bordersize>6</bordersize>
				<colordiffuse>$VAR[ColorButtonDialogeBack]</colordiffuse>
			</control>
			<control type="button">
				<description>Close Window button</description>
				<left>1307</left>
				<top>0</top>
				<width>48</width>
				<height>48</height>
				<label></label>
				<font></font>
				<onclick>PreviousMenu</onclick>
				<texturefocus>special://skin/backgrounds/icon/km_close_sel.png</texturefocus>
				<texturenofocus>special://skin/backgrounds/icon/km_close.png</texturenofocus>
				<onleft>2</onleft>
				<onright>2</onright>
				<onup>2</onup>
				<ondown>2</ondown>
				<visible>system.getbool(input.enablemouse)</visible>
			</control>
			<control type="label">
				<description>header label</description>
				<left>35</left>
				<top>20</top>
				<width>870</width>
				<height>45</height>
				<font>primal_20</font>
				<label>$LOCALIZE[21421]</label>
				<align>left</align>
				<aligny>center</aligny>
				<textcolor>$VAR[ColorFontNormal]</textcolor>
				<shadowcolor>$VAR[ColorFontShadow]</shadowcolor>
			</control>
			<control type="label">
				<description>Rule match label</description>
				<left>90</left>
				<top>90</top>
				<width>1080</width>
				<height>52</height>
				<align>center</align>
				<aligny>center</aligny>
				<font>primal_18</font>
				<textcolor>$VAR[ColorFontSelected]</textcolor>
				<shadowcolor>$VAR[ColorFontShadow]</shadowcolor>
				<label>21422</label>
			</control>
			<control type="group" id="9001">
				<control type="button" id="15">
					<description>Rule Field</description>
					<left>30</left>
					<top>150</top>
					<width>648</width>
					<height>60</height>
					<font></font>
					<onright>16</onright>
					<onleft>16</onleft>
					<onup>9000</onup>
					<ondown>17</ondown>
				</control>
				<control type="label">
					<description>Rule Field label</description>
					<left>38</left>
					<top>150</top>
					<width>600</width>
					<height>60</height>
					<font>primal_18</font>
					<textcolor>white</textcolor>
					<shadowcolor>$VAR[ColorFontShadow]</shadowcolor>
					<label>$INFO[Control.GetLabel(15)]</label>
					<align>left</align>
					<aligny>center</aligny>
				</control>
				<control type="button" id="16">
					<description>Rule operator</description>
					<left>680</left>
					<top>150</top>
					<width>650</width>
					<height>60</height>
					<font></font>
					<onright>15</onright>
					<onleft>15</onleft>
					<onup>9000</onup>
					<ondown>17</ondown>
				</control>
				<control type="label">
					<description>Rule Field label</description>
					<left>690</left>
					<top>150</top>
					<width>450</width>
					<height>60</height>
					<font>primal_18</font>
					<textcolor>white</textcolor>
					<shadowcolor>$VAR[ColorFontShadow]</shadowcolor>
					<label>$INFO[Control.GetLabel(16)]</label>
					<align>left</align>
					<aligny>center</aligny>
				</control>
			</control>
			<control type="edit" id="17">
				<description>Value Button</description>
				<left>30</left>
				<top>212</top>
				<width>1043</width>
				<height>60</height>
				<font>primal_18</font>
				<textcolor>white</textcolor>
				<shadowcolor>$VAR[ColorFontShadow]</shadowcolor>
				<aligny>center</aligny>
				<label>-</label>
				<onup>9001</onup>
				<onleft>20</onleft>
				<onright>20</onright>
				<ondown>9000</ondown>
			</control>
			<control type="button" id="20">
				<description>Browse Button</description>
				<left>1075</left>
				<top>212</top>
				<width>255</width>
				<height>60</height>
				<align>center</align>
				<aligny>center</aligny>
				<label>1024</label>
				<font>primal_18</font>
				<onup>9001</onup>
				<onleft>17</onleft>
				<onright>17</onright>
				<ondown>9000</ondown>
			</control>
			<control type="group" id="9000">
				<left>70</left>
				<top>565</top>
				<control type="button" id="18">
					<description>Ok Button</description>
					<left>300</left>
					<top>315</top>
					<width>300</width>
					<height>60</height>
					<align>center</align>
					<aligny>center</aligny>
					<font>primal_18</font>
					<label>186</label>
					<onup>17</onup>
					<onleft>19</onleft>
					<onright>19</onright>
					<ondown>9001</ondown>
				</control>
				<control type="button" id="19">
					<description>Cancel Button</description>
					<left>605</left>
					<top>315</top>
					<width>300</width>
					<height>60</height>
					<align>center</align>
					<aligny>center</aligny>
					<font>primal_18</font>
					<label>222</label>
					<onup>17</onup>
					<onleft>18</onleft>
					<onright>19</onright>
					<ondown>9001</ondown>
				</control>
			</control>
		</control>
	</controls>
</window>