<?xml version="1.0" encoding="UTF-8" standalone="yes"?>
<addon id="plugin.video.kinolightsm" name="Kino Lights MINI" version="2.0.2" provider-name="NightRain">
	<requires>
		<import addon="xbmc.python" version="3.0.0"/>
		<!--<import addon="script.module.inputstreamhelper" version="0.5.0+matrix.1"/>-->
		<import addon="script.module.requests" version="2.22.0"/>
	</requires>
	<extension point="xbmc.python.pluginsource" library="kinoMain.py">
    	<provides>video</provides>
	</extension>
	<extension point="xbmc.addon.metadata">
		<summary lang="en">Kino Lights for KODI</summary>
		<summary lang="kr">Kino Lights for KODI</summary>
		<description lang="en">Kino Lights for KODI</description>
		<description lang="kr">Kino Lights for KODI</description>
		<language></language>
		<platform>all</platform>
		<assets>
			<icon>icon.png</icon>
		</assets>
	</extension>
</addon>
