﻿<?xml version="1.0" encoding="UTF-8"?>
<window type="dialog" id="120">
	<defaultcontrol always="true">602</defaultcontrol>
	<controls>
		<control type="button" id="380">
			<texturefocus>-</texturefocus>
			<texturenofocus colordiffuse="$VAR[ColorIcons]">-</texturenofocus>
			<onfocus>SetFocus(5000)</onfocus>
		</control>
		<control type="group">
			<top>0</top>
			<animation effect="slide" start="0,-218" end="0,-80" time="300" tween="quadratic" easing="out">WindowOpen</animation>
			<animation effect="slide" start="0,-80" end="0,-218" time="300" delay="150" tween="quadratic" easing="out">WindowClose</animation>
			<animation effect="slide" start="0,0" end="0,-218" time="300" tween="quadratic" easing="out" condition="Window.IsVisible(VisualisationSettings) | Window.IsVisible(VisualisationPresetList)">Conditional</animation>
			<animation effect="slide" end="0,80" time="400" tween="cubic" condition="ControlGroup(100).HasFocus | ControlGroup(200).HasFocus | ControlGroup(201).HasFocus">Conditional</animation>
			<control type="image">
				<left>150</left>
				<top>-150</top>
				<width>1670</width>
				<height>230</height>
				<aspectratio>stretch</aspectratio>
				<texture background="true">skin/button_klein.png</texture>
				<bordertexture border="10">ThumbShadow.png</bordertexture>
				<bordersize>6</bordersize>
				<colordiffuse>$VAR[ColorButtonDialogeBack]</colordiffuse>
			</control>
			<!-- GROUP FOR PLAYER CONTROLS -->
			<control type="group" id="100">
				<left>200</left>
				<top>5</top>
				<control type="button" id="600">
					<left>0</left>
					<top>0</top>
					<width>70</width>
					<height>70</height>
					<label>210</label>
					<font>-</font>
					<texturefocus colordiffuse="$VAR[BackColorButton]">osd/PrevTrack.png</texturefocus>
					<texturenofocus colordiffuse="$VAR[ColorIcons]">osd/PrevTrack.png</texturenofocus>
					<onleft>703</onleft>
					<onright>601</onright>
					<ondown>380</ondown>
					<onclick>PlayerControl(Previous)</onclick>
				</control>
				<control type="button" id="601">
					<left>70</left>
					<top>0</top>
					<width>70</width>
					<height>70</height>
					<label>50016</label>
					<font>-</font>
					<texturefocus colordiffuse="$VAR[BackColorButton]">osd/rewind.png</texturefocus>
					<texturenofocus colordiffuse="$VAR[ColorIcons]">osd/rewind.png</texturenofocus>
					<onleft>600</onleft>
					<onright>602</onright>
					<ondown>380</ondown>
					<onclick>PlayerControl(Rewind)</onclick>
				</control>
				<control type="togglebutton" id="602">
					<left>140</left>
					<top>0</top>
					<width>70</width>
					<height>70</height>
					<label>31351</label>
					<altlabel>208</altlabel>
					<font>-</font>
					<texturefocus colordiffuse="$VAR[BackColorButton]">osd/pause.png</texturefocus>
					<texturenofocus colordiffuse="$VAR[ColorIcons]">osd/pause.png</texturenofocus>
					<usealttexture>Player.Paused | Player.Forwarding | Player.Rewinding</usealttexture>
					<alttexturefocus>osd/play.png</alttexturefocus>
					<alttexturenofocus>osd/play.png</alttexturenofocus>
					<onleft>601</onleft>
					<onright>603</onright>
					<ondown>380</ondown>
					<onclick>PlayerControl(Play)</onclick>
				</control>
				<control type="button" id="603">
					<left>210</left>
					<top>0</top>
					<width>70</width>
					<height>70</height>
					<label>50018</label>
					<font>-</font>
					<texturefocus colordiffuse="$VAR[BackColorButton]">osd/stop.png</texturefocus>
					<texturenofocus colordiffuse="$VAR[ColorIcons]">osd/stop.png</texturenofocus>
					<onleft>602</onleft>
					<onright>604</onright>
					<ondown>380</ondown>
					<onclick>PlayerControl(Stop)</onclick>
				</control>
				<control type="button" id="604">
					<left>280</left>
					<top>0</top>
					<width>70</width>
					<height>70</height>
					<label>50019</label>
					<font>-</font>
					<texturefocus colordiffuse="$VAR[BackColorButton]">osd/forward.png</texturefocus>
					<texturenofocus colordiffuse="$VAR[ColorIcons]">osd/forward.png</texturenofocus>
					<onleft>603</onleft>
					<onright>605</onright>
					<ondown>380</ondown>
					<onclick>PlayerControl(Forward)</onclick>
				</control>
				<control type="button" id="605">
					<left>350</left>
					<top>0</top>
					<width>70</width>
					<height>70</height>
					<label>209</label>
					<font>-</font>
					<texturefocus colordiffuse="$VAR[BackColorButton]">osd/NextTrack.png</texturefocus>
					<texturenofocus colordiffuse="$VAR[ColorIcons]">osd/NextTrack.png</texturenofocus>
					<onleft>604</onleft>
					<onright>704</onright>
					<ondown>380</ondown>
					<onclick>PlayerControl(Next)</onclick>
				</control>
			</control>
			<!-- GROUP FOR REPEAT AND RANDOM BUTTONS -->
			<control type="group" id="201">
				<left>750</left>
				<top>5</top>
				<control type="button" id="704">
					<left>75</left>
					<top>0</top>
					<width>70</width>
					<height>70</height>
					<label>$LOCALIZE[486]$INFO[Playlist.Repeat, : ]</label>
					<font>-</font>
					<texturefocus colordiffuse="$VAR[BackColorButton]">-</texturefocus>
					<texturenofocus colordiffuse="$VAR[ColorIcons]">-</texturenofocus>
					<onclick>XBMC.PlayerControl(Repeat)</onclick>
					<onleft>605</onleft>
					<onright>705</onright>
					<ondown>380</ondown>
				</control>
				<control type="image">
					<left>0</left>
					<top>0</top>
					<width>70</width>
					<height>70</height>
					<texture>osd/Repeat.png</texture>
					<visible>!Playlist.IsRepeat + !Playlist.IsRepeatOne</visible>
					<visible>!Control.HasFocus(704)</visible>
				</control>
				<control type="image">
					<left>0</left>
					<top>0</top>
					<width>70</width>
					<height>70</height>
					<texture>osd/Repeat.png</texture>
					<visible>!Playlist.IsRepeat + !Playlist.IsRepeatOne</visible>
					<visible>Control.HasFocus(704)</visible>
				</control>
				<control type="image">
					<left>0</left>
					<top>0</top>
					<width>70</width>
					<height>70</height>
					<texture>osd/RepeatOne.png</texture>
					<visible>Playlist.IsRepeatOne</visible>
					<visible>!Control.HasFocus(704)</visible>
				</control>
				<control type="image">
					<left>0</left>
					<top>0</top>
					<width>70</width>
					<height>70</height>
					<texture>osd/OSDRepeatOneFO.png</texture>
					<visible>Playlist.IsRepeatOne</visible>
					<visible>Control.HasFocus(704)</visible>
				</control>
				<control type="image">
					<left>0</left>
					<top>0</top>
					<width>70</width>
					<height>70</height>
					<texture>osd/RepeatAll.png</texture>
					<visible>Playlist.IsRepeat</visible>
					<visible>!Control.HasFocus(704)</visible>
				</control>
				<control type="image">
					<left>0</left>
					<top>0</top>
					<width>70</width>
					<height>70</height>
					<texture>osd/RepeatAll.png</texture>
					<visible>Playlist.IsRepeat</visible>
					<visible>Control.HasFocus(704)</visible>
				</control>
				<control type="togglebutton" id="705">
					<left>160</left>
					<top>0</top>
					<width>70</width>
					<height>70</height>
					<label>$LOCALIZE[590]$INFO[Playlist.Random, : ]</label>
					<font>-</font>
					<texturefocus colordiffuse="$VAR[BackColorButton]">osd/RandomOff.png</texturefocus>
					<texturenofocus colordiffuse="$VAR[ColorIcons]">osd/RandomOff.png</texturenofocus>
					<usealttexture>Playlist.IsRandom</usealttexture>
					<alttexturefocus>osd/RandomOn.png</alttexturefocus>
					<alttexturenofocus>osd/RandomOn.png</alttexturenofocus>
					<onclick>XBMC.PlayerControl(Random)</onclick>
					<onleft>704</onleft>
					<onright>700</onright>
					<ondown>380</ondown>
				</control>
				<!--RECORD REMOVED FOR NOW
		<control type="button" id="706">
		  <left>150</left>
		  <top>0</top>
		  <width>70</width>
          <height>50</height>
		  <label>264</label>
		  <font>-</font>
		  <texturefocus colordiffuse="$VAR[BackColorButton]">record.png</texturefocus>
		  <texturenofocus colordiffuse="$VAR[ColorIcons]">norecord.png</texturenofocus>
		  <onleft>705</onleft>
		  <onright>700</onright>
		  <onup>605</onup>
		  <ondown>380</ondown>
		  <onclick>XBMC.PlayerControl(record)</onclick>
		  <enable>Player.CanRecord</enable>
		  <animation effect="fade" start="100" end="50" time="100" condition="!Player.CanRecord">Conditional</animation>
		</control>-->
			</control>
			<!-- SETTING GROUP -->
			<control type="group" id="200">
				<left>1060</left>
				<top>5</top>
				<control type="button" id="700">
					<left>0</left>
					<top>0</top>
					<width>70</width>
					<height>70</height>
					<label>10517</label>
					<font>-</font>
					<texturefocus colordiffuse="$VAR[BackColorButton]">osd/playlist.png</texturefocus>
					<texturenofocus colordiffuse="$VAR[ColorIcons]">osd/playlist.png</texturenofocus>
					<onleft>705</onleft>
					<onright>500</onright>
					<onup>600</onup>
					<ondown>380</ondown>
					<onclick>ActivateWindow(MusicPlaylist)</onclick>
				</control>
				<control type="button" id="500">
					<left>70</left>
					<top>0</top>
					<width>70</width>
					<height>70</height>
					<label>12006</label>
					<font>-</font>
					<texturefocus colordiffuse="$VAR[BackColorButton]">osd/Viz.png</texturefocus>
					<texturenofocus colordiffuse="$VAR[ColorIcons]">osd/Viz.png</texturenofocus>
					<onleft>700</onleft>
					<onright>701</onright>
					<ondown>380</ondown>
				</control>
				<control type="button" id="701">
					<left>140</left>
					<top>0</top>
					<width>70</width>
					<height>70</height>
					<label>$LOCALIZE[250] $LOCALIZE[21417]</label>
					<font>-</font>
					<texturefocus colordiffuse="$VAR[BackColorButton]">osd/PresetSettings.png</texturefocus>
					<texturenofocus colordiffuse="$VAR[ColorIcons]">osd/PresetSettings.png</texturenofocus>
					<onleft>500</onleft>
					<onright>702</onright>
					<ondown>380</ondown>
					<onclick>Addon.Default.OpenSettings(xbmc.player.musicviz)</onclick>
				</control>
				<control type="button" id="702">
					<left>210</left>
					<top>0</top>
					<width>70</width>
					<height>70</height>
					<label>50020</label>
					<font>-</font>
					<texturefocus colordiffuse="$VAR[BackColorButton]">osd/Pre.png</texturefocus>
					<texturenofocus colordiffuse="$VAR[ColorIcons]">osd/Pre.png</texturenofocus>
					<onleft>701</onleft>
					<onright>703</onright>
					<ondown>380</ondown>
					<onclick>ActivateWindow(122)</onclick>
				</control>
				<!-- LYRICS  -->
				<control type="button" id="704">
					<left>350</left>
					<top>0</top>
					<width>70</width>
					<height>70</height>
					<label>50021</label>
					<font>-</font>
					<texturefocus colordiffuse="$VAR[BackColorButton]">osd/lyrics.png</texturefocus>
					<texturenofocus colordiffuse="$VAR[ColorIcons]">osd/lyrics.png</texturenofocus>
					<onleft>703</onleft>
					<onright>600</onright>
					<onup>604</onup>
					<ondown>380</ondown>
					<onclick>Close</onclick>
					<onclick>XBMC.RunScript($INFO[Skin.String(LyricScript_Path)])</onclick>
				</control>
			</control>
			<control type="label">
				<left>1750</left>
				<top>75</top>
				<width>600</width>
				<height>38</height>
				<label>$INFO[System.CurrentControl]</label>
				<scroll>true</scroll>
				<align>right</align>
				<aligny>center</aligny>
				<font>primal_18_Bold</font>
				<textcolor>white</textcolor>
				<visible>Window.IsTopmost(MusicOSD)</visible>
			</control>
			<control type="label">
				<left>1750</left>
				<top>10</top>
				<width>690</width>
				<height>38</height>
				<label>$INFO[Player.Time]</label>
				<scroll>true</scroll>
				<align>right</align>
				<aligny>center</aligny>
				<font>primal_18_Bold</font>
				<textcolor>white</textcolor>
			</control>
			<control type="progress">
				<description>Progressbar</description>
				<left>1505</left>
				<top>50</top>
				<width>250</width>
				<height>10</height>
				<info>Player.Progress</info>
				<visible>Player.HasAudio</visible>
			</control>
		</control>
		<control type="group">
			<include condition="Skin.HasSetting(musikinfopanel)">MusicInfoModePanels</include>
			<animation effect="slide" start="0,0" end="0,380" time="300" tween="quadratic" easing="out" condition="!Player.ShowInfo">Conditional</animation>
		</control>
	</controls>
</window>