<?xml version="1.0" encoding="UTF-8" standalone="yes"?>
<addon id="plugin.video.boritvm" name="BORITV MINI (m3u,epg helper)" version="1.0.1" provider-name="NightRain">
	<requires>
		<import addon="xbmc.python" version="2.26.0"/>
		<import addon="script.module.requests" version="2.12.4"/>    
	</requires>
	<extension point="xbmc.python.pluginsource" library="boritvMain.py">
    	<provides>video</provides>
	</extension>
	<extension point="xbmc.addon.metadata">
		<summary lang="en_GB">Korea OTT helper for KODI TV</summary>
		<summary lang="ko_KR">Korea OTT helper for KODI TV</summary>
		<description lang="en_GB">Korea OTT M3U and EPG</description>
		<description lang="ko_KR">Korea OTT M3U and EPG</description>
		<language></language>
		<platform>all</platform>
		<assets>
			<icon>icon.png</icon>
		</assets>
	</extension>
</addon>
